ISIN,SYMBOL,EXDATE,SUBJECT,FACEVAL,FV_ASOF
"INE066F01012","HAL","28-Sep-2023","Face Value Split (Sub-Division) - From Rs 10/- Per Share To Rs 5/- Per Share","5","27-Sep-2026"
"INE00SZ01018","MARSHALL","28-Sep-2023","Rights 7:10 @ Premium Rs 34.80/-","10","27-Sep-2026"
"INE0KXY23015","VERTIS","28-Sep-2023","Rights 10:63","100","27-Sep-2026"
"INE593W01010","FOCUS","06-Oct-2023","Face Value Split (Sub-Division) - From Rs 10/- Per Share To Rs 2/- Per Share","2","27-Sep-2026"
"INE335A01012","SURYAROSNI","06-Oct-2023","Face Value Split (Sub-Division) - From Rs 10/- Per Share To Rs 5/- Per Share","5","27-Sep-2026"
"INE0D0K01014","SIGACHI","09-Oct-2023","Face Value Split (Sub-Division) - From Rs 10/- Per Share To Re 1/- Per Share","1","27-Sep-2026"
"INE083B01016","THEMISMED","10-Oct-2023","Face Value Split (Sub-Division) - From Rs 10/- Per Share To Re 1/- Per Share","1","27-Sep-2026"
"INE06H201014","GENSOL","17-Oct-2023","Bonus 2:1","10","27-Sep-2026"
"INE900L01010","MBAPL","20-Oct-2023","Bonus 1:1","2","27-Sep-2026"
"INE669X01016","GEEKAYWIRE","23-Oct-2023","Face Value Split (Sub-Division) - From Rs 10/- Per Share To Rs 2/- Per Share","1","27-Sep-2026"
"INE506W01012","KRISHANA","25-Oct-2023","Bonus 1:1","2","27-Sep-2026"
"INE571B01028","JAYBARMARU","26-Oct-2023","Face Value Split (Sub-Division) - From Rs 5/- Per Share To Rs 2/- Per Share","2","27-Sep-2026"
"INE412G01016","BCLIND","27-Oct-2023","Face Value Split (Sub-Division) - From Rs 10/- Per Share To Re 1/- Per Share","1","27-Sep-2026"
"INE187D01011","TALBROAUTO","27-Oct-2023","Face Value Split (Sub-Division) - From Rs 10/- Per Share To Rs 2/- Per Share","2","27-Sep-2026"
"INE997Y01019","MITTAL","01-Nov-2023","Face Value Split (Sub-Division) - From Rs 10/- Per Share To Re 1/- Per Share","1","27-Sep-2026"
"INE068L01016","CANTABIL","02-Nov-2023","Face Value Split (Sub-Division) - From Rs 10/- Per Share To Rs 2/- Per Share","2","27-Sep-2026"
"INE864X01013","DPWIRES","08-Nov-2023","Bonus 1:7","10","27-Sep-2026"
"INE0GSL01016","HPAL","09-Nov-2023","Face Value Split (Sub-Division) - From Rs 10/- Per Share To Rs 2/- Per Share","2","27-Sep-2026"
"INE642Y01011","HINDCON","10-Nov-2023","Face Value Split (Sub-Division) - From Rs 10/- Per Share To Rs 2/- Per Share","2","27-Sep-2026"
"INE964W01013","MKPL","10-Nov-2023","Face Value Split (Sub-Division) - From Rs 10/- Per Share To Re 1/- Per Share","1","27-Sep-2026"
"INE0ALR01011","ATALREAL","16-Nov-2023","Face Value Split (Sub-Division) - From Rs 10/- Per Share To Rs 2/- Per Share","2","27-Sep-2026"
"INE151G01010","SHAILY","23-Nov-2023","Face Value Split (Sub-Division) - From Rs 10/- Per Share To Rs 2/- Per Share","2","27-Sep-2026"
"INE964H01014","SEPC","28-Nov-2023","Rights 1:36 @ Premium Rs 3/-","10","27-Sep-2026"
"INE02PY01013","BOROLTD","05-Dec-2023","Demerger","1","27-Sep-2026"
"INE429E01023","SAFARI","12-Dec-2023","Bonus 1:1","2","27-Sep-2026"
"INE269A01021","SONATSOFTW","12-Dec-2023","Bonus 1:1","1","27-Sep-2026"
"INE093R01011","LLOYDSENGG","14-Dec-2023","Rights 1:17 @ Premium Rs 14.50/-","1","27-Sep-2026"
"INE065J01016","TPHQ","14-Dec-2023","Face Value Split (Sub-Division) - From Rs 10/- Per Share To Re 1/- Per Share","1","27-Sep-2026"
"INE00Z501011","KRITIKA","19-Dec-2023","Bonus 2:1","2","27-Sep-2026"
"INE02EZ01014","AXITA","22-Dec-2023","Bonus 1:3","1","27-Sep-2026"
"INE0ECP01016","HMAAGRO","29-Dec-2023","Face Value Split (Sub-Division) - From Rs 10/- Per Share To Re 1/- Per Share","1","27-Sep-2026"
"INE418H01029","ALLCARGO","02-Jan-2024","Bonus 3:1","2","27-Sep-2026"
"INE239A01016","NESTLEIND","05-Jan-2024","Face Value Split (Sub-Division) - From Rs10/- Per Share To Re 1/- Per Share","1","27-Sep-2026"
"INE940H01014","PGIL","05-Jan-2024","Face Value Split (Sub-Division) - From Rs10/- Per Share To Rs 5/- Per Share","5","27-Sep-2026"
"INE704P01017","COCHINSHIP","10-Jan-2024","Face Value Split (Sub-Division) - From Rs 10/- Per Share To Rs 5/- Per Share","5","27-Sep-2026"
"INE047A01013","GRASIM","10-Jan-2024","Rights 6:179 @ Premium Rs 1810/-","2","27-Sep-2026"
"INE418N01035","ESSENTIA","11-Jan-2024","Bonus 1:1","1","27-Sep-2026"
"INE619B01017","NEWGEN","12-Jan-2024","Bonus 1:1","10","27-Sep-2026"
"INE439E01022","SKIPPER","12-Jan-2024","Rights 1:10 @ Premium Rs 193/-","1","27-Sep-2026"
"INE737B01033","ADROITINFO","19-Jan-2024","Rights 3:2 @ Premium Rs 5/-","10","27-Sep-2026"
"INE04AK01010","SBC","19-Jan-2024","Bonus 1:2","1","27-Sep-2026"
"INE920A01029","DOLPHIN","25-Jan-2024","Face Value Split (Sub-Division) - From Rs 10/- Per Share To Re 1/- Per Share","1","27-Sep-2026"
"INE387I01016","MAGNUM","25-Jan-2024","Rights 2:11 @ Premium Rs 44/-","10","27-Sep-2026"
"INE879E01029","KANANIIND","30-Jan-2024","Bonus 1:1","1","27-Sep-2026"
"INE123B01028","NAGREEKEXP","30-Jan-2024","Rights 3:2 @ Premium Rs 15/-","5","27-Sep-2026"
"INE170V01019","SALASAR","01-Feb-2024","Bonus 4:1","1","27-Sep-2026"
"INE148I01020","SAMMAANCAP","01-Feb-2024","Rights 1:2 @ Premium Rs 148/-","2","27-Sep-2026"
"INE00IK01011","OSWALSEEDS","02-Feb-2024","Bonus 1:5","2","27-Sep-2026"
"INE149K01016","SANDUMA","02-Feb-2024","Bonus 5:1","10","27-Sep-2026"
"INE256Z01017","AKSHAR","15-Feb-2024","Bonus 1:5","1","27-Sep-2026"
"INE542W01017","KPIGREEN","15-Feb-2024","Bonus 1:2","5","27-Sep-2026"
"INE102B01014","CHOICEIN","20-Feb-2024","Bonus 1:1","10","27-Sep-2026"
"INE348L01012","MASFIN","22-Feb-2024","Bonus 2:1","10","27-Sep-2026"
"INE01II01013","SILGO","22-Feb-2024","Rights 1:1 @ Premium Rs 15/-","10","27-Sep-2026"
"INE581X01013","GLOBE","23-Feb-2024","Rights 1:1 @ Premium Rs 1/-","2","27-Sep-2026"
"INE760W01015","RPPL","26-Feb-2024","Bonus 2:1","5","27-Sep-2026"
"INE03RS01019","DRCSYSTEMS","27-Feb-2024","Bonus 2:1","1","27-Sep-2026"
"INE683A01015","SOUTHBANK","27-Feb-2024","Rights 1:4 @ Premium Rs 21/-","1","27-Sep-2026"
"INE737H01014","FIEMIND","28-Feb-2024","Bonus 1:1","10","27-Sep-2026"
"INE180C01018","CGCL","05-Mar-2024","Bonus 1:1","1","27-Sep-2026"
"INE180C01018","CGCL","05-Mar-2024","Face Value Split (Sub-Division) - From Rs 2/- Per Share To Re 1/- Per Share","1","27-Sep-2026"
"INE00VM01010","MANORAMA","07-Mar-2024","Face Value Split (Sub-Division) - From Rs 10/- Per Share To Rs 2/- Per Share","2","27-Sep-2026"
"INE0C8K23012","IRBIT","12-Mar-2024","Rights 1:11.10 @ Premium Rs 0/-","100","27-Sep-2026"
"INE875R01011","BALKRISHNA","15-Mar-2024","Rights 2:1 @ Premium Rs 11/-","10","27-Sep-2026"
"INE036B01022","GAEL","15-Mar-2024","Bonus 1:1","1","27-Sep-2026"
"INE549A01026","HCC","15-Mar-2024","Rights 13:118 @ Premium Rs 20/-","1","27-Sep-2026"
"INE964W01013","MKPL","15-Mar-2024","Bonus 2:1","1","27-Sep-2026"
"INE230R01019","RAMASTEEL","19-Mar-2024","Bonus 2:1","1","27-Sep-2026"
"INE199C01026","ADVANIHOTR","20-Mar-2024","Bonus 1:1","2","27-Sep-2026"
"INE0JM501013","NRL","20-Mar-2024","Bonus 1:2","10","27-Sep-2026"
"INE420C01042","PAISALO","20-Mar-2024","Bonus 1:1","1","27-Sep-2026"
"INE197A01024","JYOTISTRUC","21-Mar-2024","Rights 6:37 @ Premium Rs 13/-","2","27-Sep-2026"
"INE056I01017","REFEX","22-Mar-2024","Face Value Split (Sub-Division) - From Rs 10/- Per Share To Rs 2/- Per Share","2","27-Sep-2026"
"INE806C01018","TIL","22-Mar-2024","Rights 28:10 @ Premium Rs 0/-","10","27-Sep-2026"
"INE740X01015","LAL","28-Mar-2024","Bonus 6:11","1","27-Sep-2026"
"INE740X01015","LAL","28-Mar-2024","Face Value Split (Sub-Division) - From Rs 10/- Per Share To Re 1/- Per Share","1","27-Sep-2026"
"INE262H01013","PERSISTENT","28-Mar-2024","Face Value Split (Sub-Division) - From Rs 10/- Per Share To Rs 5/- Per Share","5","27-Sep-2026"
"INE509F01011","CUPID","04-Apr-2024","Bonus 1:1","1","27-Sep-2026"
"INE509F01011","CUPID","04-Apr-2024","Face Value Split (Sub-Division) - From Rs 10/- Per Share To Re 1/- Per Share","1","27-Sep-2026"
"INE0EEJ01015","BTML","05-Apr-2024","Face Value Split (Sub-Division) - From Rs 10/- Per Share To Re 1/- Per Share","1","27-Sep-2026"
"INE190H01016","SAKUMA","15-Apr-2024","Rights 33:98 @ Premium Rs 24.30/-","1","27-Sep-2026"
"INE05ST01010","SBGLP","18-Apr-2024","Face Value Split (Sub-Division) - From Rs 10/- Per Share To Re 1/- Per Share","1","27-Sep-2026"
"INE112D01035","MHLXMIRU","19-Apr-2024","Demerger","10","27-Sep-2026"
"INE294Z01018","ANUP","23-Apr-2024","Bonus 1:1","10","27-Sep-2026"
"INE530B01024","IIFL","23-Apr-2024","Rights 1:9 @ Premium Rs 298/-","2","27-Sep-2026"
"INE464A01028","BBL","24-Apr-2024","Face Value Split (Sub-Division) - From Rs 10/- Per Share To Rs 5/- Per Share","5","27-Sep-2026"
"INE414D01019","BHAGCHEM","02-May-2024","Face Value Split (Sub-Division) - From Rs 10/- Per Share To Rs 1/- Per Share","1","27-Sep-2026"
"INE617A01013","SEMAC","03-May-2024","Demerger","10","27-Sep-2026"
"INE753W01010","AGASTYAEN","07-May-2024","Rights 1:2 @ Premium Rs 8/-","10","27-Sep-2026"
"INE820Y01013","AJOONI","07-May-2024","Rights 1:1 @ Premium Rs 3/-","2","27-Sep-2026"
"INE00LM01011","SONAMLTD","10-May-2024","Face Value Split (Sub-Division) - From Rs 10/- Per Share To Rs 5/- Per Share","5","27-Sep-2026"
"INE055C01020","KEEPLEARN","14-May-2024","Rights 7:9 @ Premium Rs 0/-","1","27-Sep-2026"
"INE476A01014","CANBK","15-May-2024","Face Value Split (Sub-Division) - From Rs 10/- Per Share To Rs 2/- Per Share","2","27-Sep-2026"
"INE624Z01016","SOLARA","15-May-2024","Rights 1:3 @ Premium Rs 365/-","10","27-Sep-2026"
"INE159N01019","VIJIFIN","15-May-2024","Rights 8:11 @ Premium Re 0.50/-","1","27-Sep-2026"
"INE835A01011","VARDMNPOLY","17-May-2024","Face Value Split (Sub-Division) - From Rs 10/- Per Share To Re 1/- Per Share","1","27-Sep-2026"
"INE899L01030","UEL","22-May-2024","Demerger","1","27-Sep-2026"
"INE171Z01018","BDL","24-May-2024","Face Value Split (Sub-Division) - From Rs 10/- Per Share To Rs 5/- Per Share","5","27-Sep-2026"
"INE075D01018","GMBREW","24-May-2024","Bonus 1:4","10","27-Sep-2026"
"INE066P01011","INOXWIND","24-May-2024","Bonus 3:1","10","27-Sep-2026"
"INE0APB01016","MGEL","24-May-2024","Rights 1:7 @ Premium Rs 18/-","1","27-Sep-2026"
"INE480C01012","SDBL","24-May-2024","Face Value Split (Sub-Division) - From Rs 5/- Per Share To Rs 2/- Per Share","2","27-Sep-2026"
"INE618N01014","BALAXI","30-May-2024","Face Value Split (Sub-Division) - From Rs 10/- Per Share To Rs 2/- Per Share","2","27-Sep-2026"
"INE236Y01012","NGIL","30-May-2024","Rights 4:10 @ Premium Rs 15/-","10","27-Sep-2026"
"INE179G01011","DAVANGERE","31-May-2024","Face Value Split (Sub-Division) - From Rs 10/- Per Share To Re 1/- Per Share","1","27-Sep-2026"
"INE418N01035","ESSENTIA","31-May-2024","Rights 20:119 @ Premium Rs 2.25/-","1","27-Sep-2026"
"INE338I01027","MOTILALOFS","10-Jun-2024","Bonus 3:1","1","27-Sep-2026"
"INE058A01010","SANOFI","13-Jun-2024","Demerger","10","27-Sep-2026"
"INE0BTI01029","KAMOPAINTS","14-Jun-2024","Face Value Split (Sub-Division) - From Rs 5/- Per Share To Re 1/- Per Share","1","27-Sep-2026"
"IN0000000000","KSHITIJPOL","18-Jun-2024","Rights 4:5 @ Premium Rs 4.40/-","2","27-Sep-2026"
"INE474E01029","BHANDARI","19-Jun-2024","Rights 15:32 @ Premium Rs 5.26/-","1","27-Sep-2026"
"INE671H01015","SOBHA","19-Jun-2024","Rights 6:47 @ Premium Rs 1641/-","10","27-Sep-2026"
"INE828O01033","MITCON","20-Jun-2024","Rights 6:19 @ Premium Rs 66/-","10","27-Sep-2026"
"INE029A01011","BPCL","21-Jun-2024","Bonus 1:1","10","27-Sep-2026"
"INE094A01015","HINDPETRO","21-Jun-2024","Bonus 1:2","10","27-Sep-2026"
"INE863B01011","PREMEXPLN","21-Jun-2024","Face Value Split (Sub-Division) - From Rs 10/- Per Share To Rs 2/- Per Share","2","27-Sep-2026"
"INE964H01014","SEPC","25-Jun-2024","Rights 6:55 @ Premium Rs 3","10","27-Sep-2026"
"INE132H01018","AURIONPRO","27-Jun-2024","Bonus 1:1","10","27-Sep-2026"
"INE932X01018","SHAREINDIA","27-Jun-2024","Face Value Split (Sub-Division) - From Rs 10/- Per Share To Rs 2/- Per Share","2","27-Sep-2026"
"INE323B01016","AVONMORE","28-Jun-2024","Face Value Split (Sub-Division) - From Rs 10/- Per Share To Rs 1/- Per Share","1","27-Sep-2026"
"INE321D01016","OCCL","01-Jul-2024","Demerger","10","27-Sep-2026"
"INE274J01014","OIL","02-Jul-2024","Bonus 1:2","10","27-Sep-2026"
"INE390G01014","GPTINFRA","03-Jul-2024","Bonus 1:1","10","27-Sep-2026"
"INE696V01013","JAIPURKURT","04-Jul-2024","Rights 100:224 @ Premium Rs 20/-","10","27-Sep-2026"
"INE878H01016","INVENTURE","05-Jul-2024","Rights 1:4 @ Premium Rs 1.33/-","1","27-Sep-2026"
"INE474C01015","REMSONSIND","05-Jul-2024","Face Value Split (Sub-Division) - From Rs 10/- Per Share To Rs 2/- Per Share","2","27-Sep-2026"
"INE188Y01015","VERTOZ","05-Jul-2024","Bonus 1:1","10","27-Sep-2026"
"INE188Y01015","VERTOZ","05-Jul-2024","Face Value Split (Sub-Division) - From Rs 10/- Per Share To Re 1/- Per Share","10","27-Sep-2026"
"INE457L01011","PGEL","10-Jul-2024","Face Value Split (Sub-Division) - From Rs 10/- Per Share To Re 1/- Per Share","1","27-Sep-2026"
"INE301A01014","RAYMOND","11-Jul-2024","Demerger","10","27-Sep-2026"
"INE224E01028","GATECH","16-Jul-2024","Rights 1:1 @ Premium Rs 0/-","1","27-Sep-2026"
"INE224E01036","GATECHDVR","16-Jul-2024","Rights 1:1 @ Premium Rs 0/-","1","27-Sep-2026"
"INE227G01018","INDOWIND","16-Jul-2024","Rights 1:5 @ Premium Rs 12.50/-","10","27-Sep-2026"
"INE227C01017","MMFL","16-Jul-2024","Bonus 1:1","10","27-Sep-2026"
"INE542W01017","KPIGREEN","18-Jul-2024","Face Value Split (Sub-Division) - From Rs10/- Per Share To Rs 5/- Per Share","5","27-Sep-2026"
"INE205B01023","ELECON","19-Jul-2024","Face Value Split (Sub-Division) - From Rs 2/- Per Share To Re 1/- Per Share","1","27-Sep-2026"
"INE326B01027","ALMONDZ","23-Jul-2024","Face Value Split (Sub-Division) - From Rs 6/- Per Share To Re 1/- Per Share","1","27-Sep-2026"
"INE999A01015","KSB","25-Jul-2024","Face Value Split (Sub-Division) - From Rs 10/- Per Share To Rs 2/- Per Share","2","27-Sep-2026"
"INE192A01025","TATACONSUM","26-Jul-2024","Rights 1:26 @ Premium Rs 817/-","1","27-Sep-2026"
"INE298G01027","AJMERA","02-Aug-2024","Demerger","2","27-Sep-2026"
"INE01C001018","AARTECH","09-Aug-2024","Bonus 1:2","5","27-Sep-2026"
"INE01C001018","AARTECH","09-Aug-2024","Face Value Split (Sub-Division) - From Rs 10/- Per Share To Rs 5/- Per Share","5","27-Sep-2026"
"INE0B1K01014","DJML","09-Aug-2024","Bonus 2:1","10","27-Sep-2026"
"INE185E01013","FILATFASH","09-Aug-2024","Face Value Split (Sub-Division) - From Rs 5/- Per Share To Re 1/- Per Share","1","27-Sep-2026"
"INE542Z01010","KAPSTON","09-Aug-2024","Face Value Split (Sub-Division) - From Rs 10/- Per Share To Rs 5/- Per Share","5","27-Sep-2026"
"INE573K01017","RUSHIL","09-Aug-2024","Face Value Split (Sub-Division) - From Rs 10/- Per Share To Re 1/- Per Share","1","27-Sep-2026"
"INE190H01016","SAKUMA","09-Aug-2024","Bonus 4:1","1","27-Sep-2026"
"INE137I01015","GRPLTD","12-Aug-2024","Bonus 3:1","10","27-Sep-2026"
"INE276C01014","EIHAHOTELS","13-Aug-2024","Bonus 1:1","10","27-Sep-2026"
"INE999K01014","GREENPOWER","13-Aug-2024","Rights 10:51 @ Premium Rs 3/-","10","27-Sep-2026"
"INE01KI01019","VINNY","14-Aug-2024","Rights 1:1 @ Premium Rs 1/-","1","27-Sep-2026"
"INE0ALR01011","ATALREAL","22-Aug-2024","Rights 1:2 @ Premium Rs 5/-","2","27-Sep-2026"
"INE256Z01017","AKSHAR","23-Aug-2024","Rights 13:8 @ Premium Rs 0/-","1","27-Sep-2026"
"INE736A01011","CDSL","23-Aug-2024","Bonus 1:1","10","27-Sep-2026"
"INE835A01011","VARDMNPOLY","28-Aug-2024","Rights 7:23 @ Premium Rs 5/-","1","27-Sep-2026"
"INE741L01018","DUCON","30-Aug-2024","Rights 1:4 @ Premium Rs 6/-","1","27-Sep-2026"
"INE998H01012","ORIENTALTL","05-Sep-2024","Rights 3:2 @ Premium Re 1/-","10","27-Sep-2026"
"INE806T01012","SAPPHIRE","05-Sep-2024","Face Value Split (Sub-Division) - From Rs 10/- Per Share To Rs 2/- Per Share","2","27-Sep-2026"
"INE529D01014","PATINTLOG","06-Sep-2024","Rights 8:103 @ Premium Rs 8/-","10","27-Sep-2026"
"INE710A01016","VSTIND","06-Sep-2024","Bonus 10:1","10","27-Sep-2026"
"INE435A01028","ANDHRAPAP","11-Sep-2024","Face Value Split (Sub-Division) - From Rs 10/- Per Share To Rs 2/- Per Share","2","27-Sep-2026"
"INE483S01020","CCAVENUE","11-Sep-2024","Demerger","1","27-Sep-2026"
"INE00QT01015","SGIL","11-Sep-2024","Rights 1:10 @ Premium Rs 315/-","10","27-Sep-2026"
"INE412U01017","BIGBLOC","12-Sep-2024","Bonus 1:1","2","27-Sep-2026"
"INE200M01013","VBL","12-Sep-2024","Face Value Split (Sub-Division) - From Rs 5/- Per Share To Rs 2/- Per Share","2","27-Sep-2026"
"INE967H01017","KIMS","13-Sep-2024","Face Value Split (Sub-Division) - From Rs 10/- Per Share To Rs 2/- Per Share","2","27-Sep-2026"
"INE903D01011","MONARCH","13-Sep-2024","Bonus 1:1","10","27-Sep-2026"
"INE117Z01011","NARMADA","13-Sep-2024","Rights 9:5 @ Premium Rs 5/-","5","27-Sep-2026"
"INE888C01040","SADHNANIQ","13-Sep-2024","Rights 1:3 @ Premium Rs 5.06/-","1","27-Sep-2026"
"INE885H01011","SPORTKING","13-Sep-2024","Face Value Split (Sub-Division) - From Rs 10/- Per Share To Re 1/- Per Share","1","27-Sep-2026"
"INE760W01015","RPPL","17-Sep-2024","Face Value Split (Sub-Division) - From Rs 10/- Per Share To Rs 5/- Per Share","5","27-Sep-2026"
"INE875G01030","NDL","19-Sep-2024","Face Value Split (Sub-Division) - From Rs 10/- Per Share To Re 1/- Per Share","1","27-Sep-2026"
"INE667G01015","SAKSOFT","19-Sep-2024","Bonus 1:4","1","27-Sep-2026"
"INE02EZ01014","AXITA","20-Sep-2024","Bonus 1:3","1","27-Sep-2026"
"INE110B01017","MINDTECK","20-Sep-2024","Bonus 1:4","10","27-Sep-2026"
"INE211B01039","PHOENIXLTD","20-Sep-2024","Bonus 1:1","2","27-Sep-2026"
"INE320J01015","RITES","20-Sep-2024","Bonus 1:1","10","27-Sep-2026"
"INE847C01020","ROSSELLIND","20-Sep-2024","Demerger","2","27-Sep-2026"
"INE899L01030","UEL","20-Sep-2024","Bonus 1:4","1","27-Sep-2026"
"INE07OG01012","NDRAUTO","25-Sep-2024","Bonus 1:1","10","27-Sep-2026"
"INE989A01024","SANGHVIMOV","27-Sep-2024","Face Value Split (Sub-Division) - From Rs 2/- Per Share To Re 1/- Per Share","1","27-Sep-2026"
"INE997Y01019","MITTAL","03-Oct-2024","Rights 1:2 @ Premium Re 1/-","1","27-Sep-2026"
"INE177H01013","GPIL","04-Oct-2024","Face Value Split (Sub-Division) - From Rs 5/- Per Share To Re 1/- Per Share","1","27-Sep-2026"
"INE007B01023","GEOJITFSL","07-Oct-2024","Rights 1:6 @ Premium Rs 49/-","1","27-Sep-2026"
"INE095N01015","NBCC","07-Oct-2024","Bonus 1:2","1","27-Sep-2026"
"INE211R01019","POWERMECH","08-Oct-2024","Bonus 1:1","10","27-Sep-2026"
"INE324A01024","JINDALSAW","09-Oct-2024","Face Value Split (Sub-Division) - From Rs 2/- Per Share To Re 1/- Per Share","1","27-Sep-2026"
"INE688E01024","HERCULES","11-Oct-2024","Demerger","1","27-Sep-2026"
"INE972X01014","VAISHALI","15-Oct-2024","Bonus 1:1","2","27-Sep-2026"
"INE972X01014","VAISHALI","15-Oct-2024","Face Value Split (Sub-Division) - From Rs 10/- Per Share To Rs 2/- Per Share","2","27-Sep-2026"
"INE063E01046","POCL","16-Oct-2024","Face Value Split (Sub-Division) - From Rs 10/- Per Share To Rs 5/- Per Share","2","27-Sep-2026"
"INE545A01024","HEGAM","18-Oct-2024","Face Value Split (Sub-Division) - From Rs 10/- Per Share To Rs 2/- Per Share","2","27-Sep-2026"
"INE05AN01011","HINDWAREAP","25-Oct-2024","Rights 119:758 @ Premium Rs 218/-","2","27-Sep-2026"
"INE450E01011","SUKHJITS","25-Oct-2024","Face Value Split (Sub-Division) - From Rs 10/- Per Share To Rs 5/- Per Share","5","27-Sep-2026"
"INE089A01023","DRREDDY","28-Oct-2024","Face Value Split (Sub-Division) - From Rs 5/- Per Share To Re 1/- Per Share","1","27-Sep-2026"
"INE002A01018","RELIANCE","28-Oct-2024","Bonus 1:1","10","27-Sep-2026"
"INE039O01011","JASH","30-Oct-2024","Face Value Split (Sub-Division) - From Rs 10/- Per Share To Rs 2/- Per Share","2","27-Sep-2026"
"INE247401016","PREMIERPOL","05-Nov-2024","Face Value Split (Sub-Division) - From Rs 5/- Per Share To Re 1/- Per Share","1","27-Sep-2026"
"INE0FRK01012","MOTISONS","08-Nov-2024","Face Value Split (Sub-Division) - From Rs 10/- Per Share To Re 1/- Per Share","1","27-Sep-2026"
"INE535D01029","ROTO","08-Nov-2024","Face Value Split (Sub-Division) - From Rs 2/- Per Share To Re 1/- Per Share","1","27-Sep-2026"
"INE02WG01016","WEL","12-Nov-2024","Face Value Split (Sub-Division) - From Rs 10/- Per Share To Re 1/- Per Share","1","27-Sep-2026"
"INE391J01024","JTLIND","14-Nov-2024","Face Value Split (Sub-Division) - From Rs 2/- Per Share To Re 1/- Per Share","1","27-Sep-2026"
"INE908D01010","SHAKTIPUMP","25-Nov-2024","Bonus 5:1","10","27-Sep-2026"
"INE628A01036","UPL","26-Nov-2024","Rights 1:8 @ Premium Rs 358/-","2","27-Sep-2026"
"INE07O001018","EASEMYTRIP","29-Nov-2024","Bonus 1:1","1","27-Sep-2026"
"INE912T01018","RPEL","29-Nov-2024","Bonus 1:1","10","27-Sep-2026"
"INE048C01025","VHLTD","29-Nov-2024","Rights 7:10 @ Prm Rs 102/-","10","27-Sep-2026"
"INE989C01020","DIACABS","03-Dec-2024","Face Value Split (Sub-Division) - From Rs 10/- Per Share To Re 1/- Per Share","1","27-Sep-2026"
"INE075A01022","WIPRO","03-Dec-2024","Bonus 1:1","2","27-Sep-2026"
"INE555Z01012","TARACHAND","05-Dec-2024","Face Value Split (Sub-Division) - From Rs 10/- Per Share To Rs 2/- Per Share","2","27-Sep-2026"
"INE112X01017","SIKKO","06-Dec-2024","Rights 3:10 @ Premium Rs 88/-","1","27-Sep-2026"
"INE939A01011","STAR","06-Dec-2024","Demerger","10","27-Sep-2026"
"INE291W01011","GLOBAL","10-Dec-2024","Face Value Split (Sub-Division) - From Rs 5/- Per Share To Rs 2/- Per Share","2","27-Sep-2026"
"INE715Y01015","SHRADHA","10-Dec-2024","Face Value Split (Sub-Division) - From Rs 5/- Per Share To Rs 2/- Per Share","2","27-Sep-2026"
"INE323B01016","AVONMORE","12-Dec-2024","Rights 5:24 @ Premium Rs 9/-","1","27-Sep-2026"
"INE0GFE01018","EXXARO","13-Dec-2024","Face Value Split (Sub-Division) - From Rs 10/- Per Share To Re 1/- Per Share","1","27-Sep-2026"
"INE0C8K23012","IRBIT","13-Dec-2024","Rights 1:19.07 @ Premium Rs 0","100","27-Sep-2026"
"INE785M01013","PCJEWELLER","16-Dec-2024","Face Value Split (Sub-Division) - From Rs 10/- Per Share To Re 1/- Per Share","1","27-Sep-2026"
"INE01IU01018","SKYGOLD","16-Dec-2024","Bonus 9:1","10","27-Sep-2026"
"INE802B01019","LINC","20-Dec-2024","Bonus 1:1","5","27-Sep-2026"
"INE802B01019","LINC","20-Dec-2024","Face Value Split (Sub-Division) - From Rs 10/- Per Share To Rs 5/- Per Share","5","27-Sep-2026"
"INE514Y01012","MOKSH","20-Dec-2024","Rights 14:23 @ Premium Rs 13/-","2","27-Sep-2026"
"INE680A01011","DHANBANK","27-Dec-2024","Rights 14:25 @ Premium Rs 11/-","10","27-Sep-2026"
"INE626Z01011","HARDWYN","27-Dec-2024","Bonus 2:5","1","27-Sep-2026"
"INE249Z01012","MAZDOCK","27-Dec-2024","Face Value Split (Sub-Division) - From Rs 10/- Per Share To Rs 5/- Per Share","5","27-Sep-2026"
"INE584A01023","NMDC","27-Dec-2024","Bonus 2:1","1","27-Sep-2026"
"INE213C01025","BANCOINDIA","30-Dec-2024","Bonus 1:1","2","27-Sep-2026"
"INE335A01012","SURYAROSNI","01-Jan-2025","Bonus 1:1","5","27-Sep-2026"
"INE276A01018","GARFIBRES","03-Jan-2025","Bonus 4:1","10","27-Sep-2026"
"INE542W01017","KPIGREEN","03-Jan-2025","Bonus 1:2","5","27-Sep-2026"
"INE154A01025","ITC","06-Jan-2025","Demerger","1","27-Sep-2026"
"INE052I01032","CAMLINFINE","08-Jan-2025","Rights 5:41 @ Premium Rs 109/-","1","27-Sep-2026"
"INE048B01027","JAGSNPHARM","08-Jan-2025","Face Value Split (Sub-Division) - From Rs 5/- Per Share To Rs 2/- Per Share","2","27-Sep-2026"
"INE390H01012","KAMDHENU","08-Jan-2025","Face Value Split (Sub-Division) - From Rs 10/- Per Share To Re 1/- Per Share","1","27-Sep-2026"
"INE721A01013","SHRIRAMFIN","10-Jan-2025","Face Value Split (Sub-Division) - From Rs 10/- Per Share To Rs 2/- Per Share","2","27-Sep-2026"
"INE526B01014","CALSOFT","15-Jan-2025","Rights 3:1 @ Premium Rs 0/-","10","27-Sep-2026"
"INE581X01013","GLOBE","17-Jan-2025","Rights 1:2 @ Premium Rs 1/-","2","27-Sep-2026"
"INE091G01018","JAIBALAJI","17-Jan-2025","Face Value Split (Sub-Division) - From Rs 10/- Per Share To Rs 2/- Per Share","2","27-Sep-2026"
"INE602G01020","KITEX","17-Jan-2025","Bonus 2:1","1","27-Sep-2026"
"INE725A01022","NAVA","20-Jan-2025","Face Value Split (Sub-Division) - From Rs 2/- Per Share To Re 1/- Per Share","1","27-Sep-2026"
"INE885E01034","MAZDA","28-Jan-2025","Face Value Split (Sub-Division) - From Rs 10/- Per Share To Rs 2/- Per Share","2","27-Sep-2026"
"INE203G01019","IGL","31-Jan-2025","Bonus 1:1","2","27-Sep-2026"
"INE927D01010","JBMA","31-Jan-2025","Face Value Split (Sub-Division) - From Rs 2/- Per Share To Re 1/- Per Share","1","27-Sep-2026"
"INE602W01019","SENCO","31-Jan-2025","Face Value Split (Sub-Division) - From Rs 10/- Per Share To Rs 5/- Per Share","5","27-Sep-2026"
"INE0LXT01019","REDTAPE","04-Feb-2025","Bonus 3:1","2","27-Sep-2026"
"INE0D6I01015","KSOLVES","06-Feb-2025","Face Value Split (Sub-Division) - From Rs 10/- Per Share To Rs 5/- Per Share","5","27-Sep-2026"
"INE976R01017","AGIIL","07-Feb-2025","Face Value Split (Sub-Division) - From Rs 10/- Per Share To Rs 5/- Per Share","1","27-Sep-2026"
"INE809A01024","RAMAPHO","07-Feb-2025","Face Value Split (Sub-Division) - From Rs 10/- Per Share To Rs 5/- Per Share","5","27-Sep-2026"
"INE197A01024","JYOTISTRUC","10-Feb-2025","Rights 9:26 @ Premium Rs 14/-","2","27-Sep-2026"
"INE085J01014","THANGAMAYL","11-Feb-2025","Rights 2:15 @ Premium Rs 1390/-","10","27-Sep-2026"
"INE592B01016","TTL","12-Feb-2025","Face Value Split (Sub-Division) - From Rs 10/- Per Share To Re 1/- Per Share","1","27-Sep-2026"
"INE763I01026","TARIL","14-Feb-2025","Bonus 1:1","1","27-Sep-2026"
"INE823A01017","KOTHARIPRO","18-Feb-2025","Bonus 1:1","10","27-Sep-2026"
"INE247D01013","JINDWORLD","28-Feb-2025","Bonus 4:1","1","27-Sep-2026"
"INE377E01016","COASTCORP","04-Mar-2025","Face Value Split (Sub-Division) - From Rs 10/- Per Share To Rs 2/- Per Share","2","27-Sep-2026"
"INE0APB01016","MGEL","04-Mar-2025","Face Value Split (Sub-Division) - From Rs 2/- Per Share To Re 1/- Per Share","1","27-Sep-2026"
"INE463V01026","ANANDRATHI","05-Mar-2025","Bonus 1:1","5","27-Sep-2026"
"INE00YB01017","ABINFRA","10-Mar-2025","Rights 1:5 @ Premium Rs 27.50/-","1","27-Sep-2026"
"INE087A01019","KESORAMIND","10-Mar-2025","Demerger","10","27-Sep-2026"
"INE04AK01010","SBC","10-Mar-2025","Bonus 1:2","1","27-Sep-2026"
"INE485C01011","IOLCP","11-Mar-2025","Face Value Split (Sub-Division) - From Rs 10/- Per Share To Rs 2/- Per Share","2","27-Sep-2026"
"INE01GN01017","IRISDOREME","13-Mar-2025","Rights 1:6 @ Premium Rs 33/-","2","27-Sep-2026"
"INE546Y01022","PRAXIS","20-Mar-2025","Rights 11:30 @ Premium Rs 5/-","5","27-Sep-2026"
"INE544R01013","GREENLAM","21-Mar-2025","Bonus 1:1","1","27-Sep-2026"
"INE0EEJ01015","BTML","24-Mar-2025","Rights 4:9 @ Premium Rs 7/-","1","27-Sep-2026"
"INE278R01034","DHARAN","04-Apr-2025","Bonus 1:1","1","27-Sep-2026"
"INE139R01012","FUSION","04-Apr-2025","Rights 55:91 @ Premium Rs 121/-","10","27-Sep-2026"
"INE003A01024","SIEMENS","07-Apr-2025","Demerger","2","27-Sep-2026"
"INE615P01015","QUESS","15-Apr-2025","Demerger","10","27-Sep-2026"
"INE916Y01019","AFIL","17-Apr-2025","Face Value Split (Sub-Division) - From Rs 10/- Per Share To Re 1/- Per Share","1","27-Sep-2026"
"INE268H01036","NAVKARURB","24-Apr-2025","Bonus 3:2","1","27-Sep-2026"
"INE089C01029","STLTECH","24-Apr-2025","Demerger","2","27-Sep-2026"
"INE00FF01025","ACUTAAS","25-Apr-2025","Face Value Split (Sub-Division) - From Rs 10/- Per Share To Rs 5/- Per Share","5","27-Sep-2026"
"INE224E01028","GATECH","28-Apr-2025","Rights 51:82 @ Premium Rs 0/-","1","27-Sep-2026"
"INE224E01036","GATECHDVR","28-Apr-2025","Rights 51:82 @ Premium Rs 0/-","1","27-Sep-2026"
"INE093R01011","LLOYDSENGG","28-Apr-2025","Rights 9:34 @ Premium Rs 31/-","1","27-Sep-2026"
"INE0CG601016","MAXIND","29-Apr-2025","Rights 19:100 @ Premium Rs 140/-","10","27-Sep-2026"
"INE186H01014","BASML","30-Apr-2025","Rights 10:43 @ Premium Rs 22/-","5","27-Sep-2026"
"INE368U01011","UNITEDPOLY","02-May-2025","Face Value Split (Sub-Division) - From Rs 10/- Per Share To Re 1/- Per Share","1","27-Sep-2026"
"INE005B01027","AVANTEL","07-May-2025","Rights 10:121@ Premium Rs 38/-","2","27-Sep-2026"
"INE663F01024","NAUKRI","07-May-2025","Face Value Split (Sub-Division) - From Rs 10/- Per Share To Rs 2/- Per Share","2","27-Sep-2026"
"INE995D01025","CHEMBOND","09-May-2025","Demerger","5","27-Sep-2026"
"INE521J01018","CPCAP","09-May-2025","Demerger","10","27-Sep-2026"
"INE268H01036","NAVKARURB","09-May-2025","Face Value Split (Sub-Division) - From Rs 2/- Per Share To Re 1/- Per Share","1","27-Sep-2026"
"INE774D01016","M&MFIN","14-May-2025","Rights 1:8 @ Premium Rs 192/-","2","27-Sep-2026"
"INE301A01014","RAYMOND","14-May-2025","Demerger","10","27-Sep-2026"
"INE647O01011","ABFRL","22-May-2025","Demerger","10","27-Sep-2026"
"INE118H01025","BSE","23-May-2025","Bonus 2:1","2","27-Sep-2026"
"INE813A01018","MAHLIFE","23-May-2025","Rights 3:8 @ Premium Rs 247/-","10","27-Sep-2026"
"INE964H01014","SEPC","23-May-2025","Rights 11: 50 @ Premium Rs 0/-","10","27-Sep-2026"
"INE899L01030","UEL","30-May-2025","Bonus 17:25","1","27-Sep-2026"
"INE591G01017","COFORGE","04-Jun-2025","Face Value Split (Sub-Division) - From Rs 10/- Per Share To Rs 2/- Per Share","2","27-Sep-2026"
"INE583D01011","UGROCAP","05-Jun-2025","Rights 50:189 @ Premium Rs 152/-","10","27-Sep-2026"
"INE834I01025","KHADIM","06-Jun-2025","Demerger","10","27-Sep-2026"
"INE386A01015","VESUVIUS","10-Jun-2025","Face Value Split (Sub-Division) - From Rs 10/- Per Share To Re 1/- Per Share","1","27-Sep-2026"
"INE04TZ01018","ETHOSLTD","12-Jun-2025","Rights 4:43@ Premium Rs 1790/-","10","27-Sep-2026"
"INE579C01029","VIMTALABS","13-Jun-2025","Bonus 1:1","2","27-Sep-2026"
"INE296A01016","BAJFINANCE","16-Jun-2025","Bonus 4:1","1","27-Sep-2026"
"INE296A01016","BAJFINANCE","16-Jun-2025","Face Value Split (Sub-Division) - From Rs 2/- Per Share To Re 1/- Per Share","1","27-Sep-2026"
"INE707C01018","CAPTRUST","18-Jun-2025","Rights 5:14 @ Premium Rs 72/-","10","27-Sep-2026"
"INE665J01013","VMART","23-Jun-2025","Bonus 3:1","10","27-Sep-2026"
"INE188Y01015","VERTOZ","25-Jun-2025","Consolidation Of Equity Shares From Re 1 Per Share To Rs 10 Per Share","10","27-Sep-2026"
"INE483S01020","CCAVENUE","26-Jun-2025","Rights 67:267 @ Premium Rs 9/-","1","27-Sep-2026"
"INE382T01030","GVPTECH","30-Jun-2025","Rights 13:100 @ Premium Rs 8/-","2","27-Sep-2026"
"INE831A01028","ONIDA","30-Jun-2025","Rights 3:14 @ Premium Rs 9/-","1","27-Sep-2026"
"INE563J01010","ASTEC","04-Jul-2025","Rights 1:7 @ Premium Rs 880/-","10","27-Sep-2026"
"INE111A01017","CONCOR","04-Jul-2025","Bonus 1:4","5","27-Sep-2026"
"INE01GN01017","IRISDOREME","04-Jul-2025","Bonus 1:1","2","27-Sep-2026"
"INE045601015","PARAS","04-Jul-2025","Face Value Split (Sub-Division) - From Rs 10/- Per Share To Rs 5/- Per Share","5","27-Sep-2026"
"INE597I01010","SHARDAMOTR","04-Jul-2025","Bonus 1:1","2","27-Sep-2026"
"INE592B01016","TTL","04-Jul-2025","Rights 4:27 @ Premium Rs 11/-","1","27-Sep-2026"
"INE777F01014","EXICOM","07-Jul-2025","Rights 3:20 @ Premium Rs 133/-","10","27-Sep-2026"
"INE600Y01019","DYCL","11-Jul-2025","Bonus 1:1","10","27-Sep-2026"
"INE535D01029","ROTO","11-Jul-2025","Bonus 2:1","1","27-Sep-2026"
"INE489G01022","ANUHPHR","15-Jul-2025","Bonus 1:1","5","27-Sep-2026"
"INE729D01010","KILITCH","15-Jul-2025","Rights 2:23 @ Premium Rs 347/-","10","27-Sep-2026"
"INE208A01029","ASHOKLEY","16-Jul-2025","Bonus 1:1","1","27-Sep-2026"
"INE879I01012","DBREALTY","18-Jul-2025","Demerger","10","27-Sep-2026"
"INE133Y01011","IFGLEXPOR","18-Jul-2025","Bonus 1:1","10","27-Sep-2026"
"INE337M01013","INDOTHAI","18-Jul-2025","Face Value Split (Sub-Division) - From Rs 10/- Per Share To Re 1/- Per Share","1","27-Sep-2026"
"INE775A01035","MOTHERSON","18-Jul-2025","Bonus 1:2","1","27-Sep-2026"
"INE0FS801015","MSUMI","18-Jul-2025","Bonus 1:2","1","27-Sep-2026"
"INE0JWS01017","VALIANTLAB","18-Jul-2025","Rights 1:4 @ Premium Rs 65/-","10","27-Sep-2026"
"INE766P01016","MAHLOG","23-Jul-2025","Rights 3:8 @ Premium Rs 267/-","10","27-Sep-2026"
"INE572J01011","SPANDANA","24-Jul-2025","Rights 10:41 @ Premium Rs 220/-","10","27-Sep-2026"
"INE643A01035","JTEKTINDIA","25-Jul-2025","Rights 1:11 @ Premium Rs 107.10/-","1","27-Sep-2026"
"INE164B01022","KELLTONTEC","25-Jul-2025","Face Value Split (Sub-Division) - From Rs 5/- Per Share To Re 1/- Per Share","1","27-Sep-2026"
"INE066P01011","INOXWIND","29-Jul-2025","Rights 5:78 @ Premium Rs 110/-","10","27-Sep-2026"
"INE278G01037","CYBERMEDIA","01-Aug-2025","Rights 2:5 @ Premium Rs 5.80/-","10","27-Sep-2026"
"INE179G01011","DAVANGERE","06-Aug-2025","Rights 13:25 @ Premium Rs 2.05/-","1","27-Sep-2026"
"INE239A01016","NESTLEIND","08-Aug-2025","Bonus 1:1","1","27-Sep-2026"
"INE560A01015","INDIAGLYCO","12-Aug-2025","Face Value Split (Sub-Division) - From Rs 10/- Per Share To Rs 5/- Per Share","5","27-Sep-2026"
"INE080I01025","LLOYDSENT","14-Aug-2025","Rights 1:5 @ Premium Rs 38/-","1","27-Sep-2026"
"INE366I01010","VRLLOG","14-Aug-2025","Bonus 1:1","10","27-Sep-2026"
"INE060X01018","DEVIT","21-Aug-2025","Face Value Split (Sub-Division) - From Rs 5/- Per Share To Rs 2/- Per Share","2","27-Sep-2026"
"INE324X01018","SARVESHWAR","22-Aug-2025","Rights 12:47 @ Premium Rs 5/-","1","27-Sep-2026"
"INE721Z01010","AARON","25-Aug-2025","Bonus 1:1","10","27-Sep-2026"
"INE494B01015","TVSMOTOR","25-Aug-2025","Scheme Of Arrangement - Bonus Ncrps 4:1","1","27-Sep-2026"
"INE040A01018","HDFCBANK","26-Aug-2025","Bonus 1:1","1","27-Sep-2026"
"INE036D01010","KARURVYSYA","26-Aug-2025","Bonus 1:5","2","27-Sep-2026"
"INE124E01020","STEELCAS","29-Aug-2025","Face Value Split (Sub-Division) - From Rs 5/- Per Share To Re 1/- Per Share","1","27-Sep-2026"
"INE07S101020","PAVNAIND","01-Sep-2025","Face Value Split (Sub-Division) - From Rs 10/- Per Share To Re 1/- Per Share","1","27-Sep-2026"
"INE619A01035","PATANJALI","11-Sep-2025","Bonus 2:1","2","27-Sep-2026"
"INE771F01025","FISCHER","12-Sep-2025","Face Value Split (Sub-Division) - From Rs 10/- Per Share To Re 1/- Per Share","1","27-Sep-2026"
"INE155G01029","NDTV","12-Sep-2025","Rights 3:4 @ Premium Rs 78/-","4","27-Sep-2026"
"INE260B01010","GODFRYPHLP","16-Sep-2025","Bonus 2:1","2","27-Sep-2026"
"INE715Y01015","SHRADHA","16-Sep-2025","Rights 3:5 @ Premium Rs 38/-","2","27-Sep-2026"
"INE768C01010","ZYDUSWELL","18-Sep-2025","Face Value Split (Sub-Division) - From Rs 10/- Per Share To Rs 2/- Per Share","2","27-Sep-2026"
"INE305A01015","TFCILTD","19-Sep-2025","Face Value Split (Sub-Division) - From Rs 10/- Per Share To Rs 2/- Per Share","2","27-Sep-2026"
"INE814H01011","ADANIPOWER","22-Sep-2025","Face Value Split (Sub-Division) - From Rs 10/- Per Share To Rs 2/- Per Share","2","27-Sep-2026"
"INE149K01016","SANDUMA","22-Sep-2025","Bonus 2:1","10","27-Sep-2026"
"INE318A01026","PIDILITIND","23-Sep-2025","Bonus 1:1","1","27-Sep-2026"
"INE508G01029","TIMETECHNO","23-Sep-2025","Bonus 1:1","1","27-Sep-2026"
"INE274V01019","SHANKARA","24-Sep-2025","Demerger","10","27-Sep-2026"
"INE748C01038","3IINFOLTD","26-Sep-2025","Rights 2:9 @ Premium Rs 7/-","10","27-Sep-2026"
"INE418L01021","NAZARA","26-Sep-2025","Bonus 1:1","2","27-Sep-2026"
"INE418L01021","NAZARA","26-Sep-2025","Face Value Split (Sub-Division) - From Rs 4/- Per Share To Rs 2/- Per Share","2","27-Sep-2026"
"INE219Y01018","RMDRIP","26-Sep-2025","Face Value Split (Sub-Division) - From Rs 10/- Per Share To Re 1/- Per Share","1","27-Sep-2026"
"INE790G01023","SHILPAMED","03-Oct-2025","Bonus 1:1","1","27-Sep-2026"
"INE235C01010","SUMEETINDS","03-Oct-2025","Face Value Split (Sub-Division) - From Rs 10/- Per Share To Rs 2/- Per Share","2","27-Sep-2026"
"INE0A0S01010","SIGMA","06-Oct-2025","Face Value Split (Sub-Division) - From Rs 10/- Per Share To Re 1/- Per Share","1","27-Sep-2026"
"INE976R01017","AGIIL","10-Oct-2025","Face Value Split (Sub-Division) - From Rs 5/- Per Share To Re 1/- Per Share","1","27-Sep-2026"
"INE707C01018","CAPTRUST","10-Oct-2025","Rights 1:1 @ Premium Rs 4/-","10","27-Sep-2026"
"INE258Y01016","LGHL","10-Oct-2025","Bonus 7:5","10","27-Sep-2026"
"INE899L01030","UEL","10-Oct-2025","Bonus 2:1","1","27-Sep-2026"
"INE562X01013","UNIVASTU","13-Oct-2025","Bonus 2:1","10","27-Sep-2026"
"INE726L01019","DELPHIFX","14-Oct-2025","Rights 23:49 @ Premium Rs 181/-","2","27-Sep-2026"
"INE314T01025","GOKULAGRO","14-Oct-2025","Face Value Split (Sub-Division) - From Rs 2/- Per Share To Re 1/- Per Share","1","27-Sep-2026"
"INE672A01018","TATAINVEST","14-Oct-2025","Face Value Split (Sub-Division) - From Rs 10/- Per Share To Re 1/- Per Share","1","27-Sep-2026"
"INE155A01022","TMPV","14-Oct-2025","Demerger","2","27-Sep-2026"
"INE735W01017","UTKARSHBNK","14-Oct-2025","Rights 8:13 @ Premium Rs 4/-","10","27-Sep-2026"
"INE640A01023","SKFINDIA","15-Oct-2025","Demerger","10","27-Sep-2026"
"INE00YB01017","ABINFRA","17-Oct-2025","Face Value Split (Sub-Division) - From Rs 10/- Per Share To Re 1/- Per Share","1","27-Sep-2026"
"INE645S01016","ROLEXRINGS","17-Oct-2025","Face Value Split (Sub-Division) - From Rs 10/- Per Share To Re 1/- Per Share","1","27-Sep-2026"
"INE669X01016","GEEKAYWIRE","30-Oct-2025","Face Value Split (Sub-Division) - From Rs 2/- Per Share To Re 1/- Per Share","1","27-Sep-2026"
"INE495A01022","DALMIASUG","31-Oct-2025","Demerger","2","27-Sep-2026"
"INE045J01018","FCL","31-Oct-2025","Bonus 4:1","1","27-Sep-2026"
"INE045J01018","FCL","31-Oct-2025","Face Value Split (Sub-Division) - From Rs 2/- Per Share To Re 1/- Per Share","1","27-Sep-2026"
"INE258A01016","BEML","03-Nov-2025","Face Value Split (Sub-Division) - From Rs 10/- Per Share To Rs 5/- Per Share","5","27-Sep-2026"
"INE418H01029","ALLCARGO","12-Nov-2025","Demerger","2","27-Sep-2026"
"INE0NN701020","ATL","14-Nov-2025","Rights 3:19 @ Premium Rs 18/-","2","27-Sep-2026"
"INE103C01036","SMCGLOBAL","14-Nov-2025","Bonus 1:1","2","27-Sep-2026"
"INE855C01015","WEBELSOLAR","14-Nov-2025","Face Value Split (Sub-Division) - From Rs 10/- Per Share To Re 1/- Per Share","1","27-Sep-2026"
"INE423A01024","ADANIENT","17-Nov-2025","Rights 3:25 @ Premium Rs 1799/-","1","27-Sep-2026"
"INE020D01022","BAIDFIN","17-Nov-2025","Rights 1:4 @ Premium Rs 8/-","2","27-Sep-2026"
"INE227G01018","INDOWIND","19-Nov-2025","Rights 1:4 @ Premium Rs 5.35/-","10","27-Sep-2026"
"INE127D01025","HDFCAMC","26-Nov-2025","Bonus 1:1","5","27-Sep-2026"
"INE112X01017","SIKKO","27-Nov-2025","Face Value Split (Sub-Division) - From Rs 10/- Per Share To Re 1/- Per Share","1","27-Sep-2026"
"INE594H01019","THYROCARE","28-Nov-2025","Bonus 2:1","10","27-Sep-2026"
"INE244B01030","PATELENG","04-Dec-2025","Rights 7:40 @ Premium Rs 26/-","1","27-Sep-2026"
"INE596I01012","CAMS","05-Dec-2025","Face Value Split (Sub-Division) - From Rs 10/- Per Share To Rs 2/- Per Share","2","27-Sep-2026"
"INE549A01026","HCC","05-Dec-2025","Rights 277:630 @ Premium Rs 11.50/-","1","27-Sep-2026"
"INE030A01027","HINDUNILVR","05-Dec-2025","Demerger","1","27-Sep-2026"
"INE112X01017","SIKKO","08-Dec-2025","Bonus 1:1","1","27-Sep-2026"
"INE495P01012","BECTORFOOD","12-Dec-2025","Face Value Split (Sub-Division) - From Rs 10/- Per Share To Rs 2/- Per Share","2","27-Sep-2026"
"INE838B01013","BHARATRAS","12-Dec-2025","Bonus 1:1","5","27-Sep-2026"
"INE838B01013","BHARATRAS","12-Dec-2025","Face Value Split (Sub-Division) - From Rs 10/- Per Share To Rs 5/- Per Share","5","27-Sep-2026"
"INE295D01020","NACLIND","12-Dec-2025","Rights 5:31 @ Premium Rs 75.70/-","1","27-Sep-2026"
"INE296Q01012","MONEYBOXX","15-Dec-2025","Bonus 1:1","10","27-Sep-2026"
"INE0GGO01015","KRISHIVAL","17-Dec-2025","Rights 45:301 @ Premium Rs 290/-","10","27-Sep-2026"
"INE600L01024","LALPATHLAB","19-Dec-2025","Bonus 1:1","10","27-Sep-2026"
"INE0CJD01011","KMEW","22-Dec-2025","Face Value Split (Sub-Division) - From Rs 10/- Per Share To Rs 5/- Per Share","5","27-Sep-2026"
"INE505Y01010","VINEETLAB","23-Dec-2025","Rights 13:12 @ Premium Rs 20/-","10","27-Sep-2026"
"INE192H01020","GRMOVER","24-Dec-2025","Bonus 2:1","2","27-Sep-2026"
"INE843D01027","DCMSRIND","26-Dec-2025","Demerger","2","27-Sep-2026"
"INE788H01017","HILTON","26-Dec-2025","Rights 14:29 @ Premium Rs 18.32/-","10","27-Sep-2026"
"INE531F01015","NUVAMA","26-Dec-2025","Face Value Split (Sub-Division) - From Rs 10/- Per Share To Rs 2/- Per Share","2","27-Sep-2026"
"INE207E01023","RAMRAT","26-Dec-2025","Bonus 1:1","5","27-Sep-2026"
"INE745G01035","MCX","02-Jan-2026","Face Value Split (Sub-Division) - From Rs 10/- Per Share To Rs 2/- Per Share","2","27-Sep-2026"
"INE0PPK01015","ORIENTTECH","05-Jan-2026","Bonus 1:10","10","27-Sep-2026"
"INE01II01013","SILGO","05-Jan-2026","Rights 3:10 @ Premium Rs 50/-","10","27-Sep-2026"
"INE411D01015","SKMEGGPROD","12-Jan-2026","Face Value Split (Sub-Division) - From Rs 10/- Per Share To Rs 5/- Per Share","5","27-Sep-2026"
"INE206F01022","AIIL","13-Jan-2026","Bonus 4:1","1","27-Sep-2026"
"INE298G01027","AJMERA","14-Jan-2026","Face Value Split (Sub-Division) - From Rs 10/- Per Share To Rs 2/- Per Share","2","27-Sep-2026"
"INE237A01010","KOTAKBANK","14-Jan-2026","Face Value Split (Sub-Division) - From Rs 5/- Per Share To Re 1/- Per Share","1","27-Sep-2026"
"INE052T01013","BESTAGRO","16-Jan-2026","Bonus 1:2","1","27-Sep-2026"
"INE052T01013","BESTAGRO","16-Jan-2026","Face Value Split (Sub-Division) - From Rs 10/- Per Share To Re 1/- Per Share","1","27-Sep-2026"
"INE955D01011","GENUSPOWER","06-Feb-2026","Demerger","1","27-Sep-2026"
"INE0RYC01010","STALLION","11-Feb-2026","Rights 19:41 @ Premium Rs 89/-","10","27-Sep-2026"
"INE02EZ01014","AXITA","13-Feb-2026","Bonus 1:10","1","27-Sep-2026"
"INE726L01019","DELPHIFX","13-Feb-2026","Bonus 2:1","2","27-Sep-2026"
"INE726L01019","DELPHIFX","13-Feb-2026","Face Value Split (Sub-Division) - From Rs 10/- Per Share To Rs 2/- Per Share","2","27-Sep-2026"
"INE912L01015","ONELIFECAP","16-Feb-2026","Rights 300:167 @ Premium Rs 5/-","10","27-Sep-2026"
"INE888C01040","SADHNANIQ","18-Feb-2026","Rights 8:1 @ Premium Rs 0/-","1","27-Sep-2026"
"INE075B01020","SICALLOG","18-Feb-2026","Rights 11:5 @ Premium Rs 54/-","10","27-Sep-2026"
"INE788H01017","HILTON","24-Feb-2026","Rights 29:60 @ Premium Rs 6.68/-","10","27-Sep-2026"
"INE474E01029","BHANDARI","25-Feb-2026","Rights 4:5 @ Premium Rs 1.56/-","1","27-Sep-2026"
"INE732I01013","ANGELONE","26-Feb-2026","Face Value Split (Sub-Division) - From Rs 10/- Per Share To Re 1/- Per Share","1","27-Sep-2026"
"INE344S01016","INFOBEAN","27-Feb-2026","Bonus 3:1","10","27-Sep-2026"
"INE075I01017","HCG","02-Mar-2026","Rights 1:17 @ Premium Rs 502/-","10","27-Sep-2026"
"INE273D01019","VGL","02-Mar-2026","Face Value Split (Sub-Division) - From Rs 10/- Per Share To Rs 5/- Per Share","5","27-Sep-2026"
"INE416A01044","AQYLON","05-Mar-2026","Face Value Split (Sub-Division) - From Rs 10/- Per Share To Re 1/- Per Share","1","27-Sep-2026"
"INE542Z01010","KAPSTON","06-Mar-2026","Bonus 1:2","5","27-Sep-2026"
"INE625X01018","SILVERTUC","06-Mar-2026","Bonus 1:1","2","27-Sep-2026"
"INE625X01018","SILVERTUC","06-Mar-2026","Face Value Split (Sub-Division) - From Rs 10/- Per Share To Rs 2/- Per Share","2","27-Sep-2026"
"INE509F01011","CUPID","09-Mar-2026","Bonus 4:1","1","27-Sep-2026"
"INE0I0M01023","PRABHA","11-Mar-2026","Rights 5:14 @ Premium Rs 143/-","1","27-Sep-2026"
"INE738I01010","ECLERX","13-Mar-2026","Bonus 1:1","10","27-Sep-2026"
"INE618L01018","5PAISA","17-Mar-2026","Rights 1:2 @ Premium Rs 290/-","10","27-Sep-2026"
"INE843B01013","MAHAPEXLTD","20-Mar-2026","Rights 1:1 @ Premium Rs 0/-","10","27-Sep-2026"
"INE112L01020","METROPOLIS","20-Mar-2026","Bonus 3:1","2","27-Sep-2026"
"INE806C01018","TIL","23-Mar-2026","Rights 11:64 @ Premium Rs 155/-","10","27-Sep-2026"
"INE729D01010","KILITCH","24-Mar-2026","Bonus 1:1","10","27-Sep-2026"
"INE945H01013","V2RETAIL","25-Mar-2026","Face Value Split (Sub-Division) - From Rs 10/- Per Share To Re 1/- Per Share","1","27-Sep-2026"
"INE835D01023","HIRECT","27-Mar-2026","Bonus 1:1","2","27-Sep-2026"
"INE821I01014","IRB","30-Mar-2026","Bonus 1:1","1","27-Sep-2026"
"INE012Q01021","RNBDENIMS","02-Apr-2026","Bonus 1:2","1","27-Sep-2026"
"INE012Q01021","RNBDENIMS","02-Apr-2026","Face Value Split (Sub-Division) - From Rs 2/- Per Share To Re 1/- Per Share","1","27-Sep-2026"
"INE219Y01018","RMDRIP","10-Apr-2026","Bonus 5:7","1","27-Sep-2026"
"INE124Y01010","PASHUPATI","17-Apr-2026","Face Value Split (Sub-Division) - From Rs 10/- Per Share To Re 1/- Per Share","1","27-Sep-2026"
"INE0Y8W01017","AHCL","24-Apr-2026","Bonus 1:1","2","27-Sep-2026"
"INE0Y8W01017","AHCL","24-Apr-2026","Face Value Split (Sub-Division) - From Rs 10/- Per Share To Rs 2/- Per Share","2","27-Sep-2026"
"INE205A01025","VEDL","30-Apr-2026","Demerger","1","27-Sep-2026"
"INE652Z01017","AVROIND","05-May-2026","Face Value Split (Sub-Division) - From Rs 10/- Per Share To Re 1/- Per Share","1","27-Sep-2026"
"INE886D01026","EFCIL","07-May-2026","Rights 8:103 @ Premium Rs 148/-","2","27-Sep-2026"
"INE418N01035","ESSENTIA","20-May-2026","Rights 161:250 @ Premium Re 0.45 /-","1","27-Sep-2026"
"INE680Z01018","AVG","21-May-2026","Rights 8:33 @ Premium Rs 135/-","10","27-Sep-2026"
"INE482J01021","SHAH","27-May-2026","Rights 36:311 @ Premium Rs 3.86","1","27-Sep-2026"
"INE0G1L01017","LEMERITE","29-May-2026","Face Value Split (Sub-Division) - From Rs 10/- Per Share To Rs 2/- Per Share","2","27-Sep-2026"
"INE0J1Y01017","LICI","29-May-2026","Bonus 1:1","10","27-Sep-2026"
"INE463V01026","ANANDRATHI","03-Jun-2026","Bonus 1:1","5","27-Sep-2026"
"INE849A01012","TRENT","04-Jun-2026","Bonus 1:2","1","27-Sep-2026"
"INE255Z01019","E2E","05-Jun-2026","Face Value Split (Sub-Division) - From Rs 10/- Per Share To Re 1/- Per Share","1","27-Sep-2026"
"INE206N01018","RELTD","08-Jun-2026","Rights 1:9 @ Premium 91","10","27-Sep-2026"
"INE491A01021","CUB","12-Jun-2026","Bonus 1:3","1","27-Sep-2026"
"INE235C01010","SUMEETINDS","12-Jun-2026","Rights 8:25 @ Premium Rs 9.86/-","2","27-Sep-2026"
"INE791I01019","BRIGADE","17-Jun-2026","Bonus 1:3","10","27-Sep-2026"
"INE0OPA01019","DBEIL","19-Jun-2026","Face Value Split (Sub-Division) - From Rs 10/- Per Share To Re 1/- Per Share","1","27-Sep-2026"
"INE0J0B01017","KOTYARK","24-Jun-2026","Bonus 10:1","10","27-Sep-2026"
"INE342J01019","ZFCVINDIA","24-Jun-2026","Bonus 5:1","5","27-Sep-2026"
"INE691Z01015","GANGAFORGE","02-Jul-2026","Rights 3:2 @ Premium Re. 0.63/-","1","27-Sep-2026"
"INE844O01030","GUJENERGY","02-Jul-2026","Demerger","2","27-Sep-2026"
"INE506W01012","KRISHANA","03-Jul-2026","Face Value Split (Sub-Division) - From Rs 10/- Per Share To Rs 2/- Per Share","2","27-Sep-2026"
"INE900L01010","MBAPL","03-Jul-2026","Face Value Split (Sub-Division) - From Rs 10/- Per Share To Rs 2/- Per Share","2","27-Sep-2026"
"INE025B01017","GOLDIAM","10-Jul-2026","Bonus 1:3","2","27-Sep-2026"
"INE0JYY01011","MWL","10-Jul-2026","Face Value Split (Sub-Division) - From Rs 10/- Per Share To Re 1/- Per Share","1","27-Sep-2026"
"INE063E01046","POCL","21-Jul-2026","Face Value Split (Sub-Division) - From Rs 5/- Per Share To Rs 2/- Per Share","2","27-Sep-2026"
"INE256C01024","TRIVENI","22-Jul-2026","Demerger","1","27-Sep-2026"
"INE682M01012","JLHL","24-Jul-2026","Face Value Split (Sub-Division) - From Rs 10/- Per Share To Rs 2/- Per Share","2","27-Sep-2026"
"INE626Z01011","HARDWYN","28-Jul-2026","Bonus 2:5","1","27-Sep-2026"
"INE510W01014","INOXGREEN","31-Jul-2026","Demerger","10","27-Sep-2026"
"INE117Z01011","NARMADA","31-Jul-2026","Face Value Split (Sub-Division) - From Rs 10/- Per Share To Rs 5/- Per Share","5","27-Sep-2026"
"INE869Y01010","TEMBO","05-Aug-2026","Face Value Split (Sub-Division) - From Rs 10/- Per Share To Re 1/- Per Share","1","27-Sep-2026"
"INE727B01018","GENESYS","06-Aug-2026","Rights 3:5 @ Premium Rs 45/-","5","27-Sep-2026"
"INE06ZD01017","SHANTIGOLD","06-Aug-2026","Rights 19:295 @ Premium Rs 205/-","10","27-Sep-2026"
"INE811A01020","KIRLPNU","18-Aug-2026","Face Value Split (Sub-Division) - From Rs 2/- Per Share To Re 1/- Per Share","1","27-Sep-2026"
"IN0000000000","KSHITIJPOL","19-Aug-2026","Rights 2:5 @ Premium Rs 1.17/-","2","27-Sep-2026"
"INE048C01025","VHLTD","20-Aug-2026","Rights 6:7 @ Premium Rs 105/-","10","27-Sep-2026"
"INE127I01024","GOODLUCK","21-Aug-2026","Bonus 2:1","2","27-Sep-2026"
"INE076B01010","SIYSIL","21-Aug-2026","Scheme Of Arrangement - Bonus Ncrps 3:1","2","27-Sep-2026"
"INE076B01010","SIYSIL","21-Aug-2026","Scheme Of Arrangement - Bonus Ncrps 4:1","2","27-Sep-2026"
"INE419M01019","TDPOWERSYS","24-Aug-2026","Face Value Split (Sub-Division) - From Rs 2/- Per Share To Re 1/- Per Share","1","27-Sep-2026"
"INE0LZF01013","CORDELIA","25-Aug-2026","Face Value Split (Sub-Division) - From Rs 10/- Per Share To Re 1/- Per Share","1","27-Sep-2026"
"INE741L01018","DUCON","25-Aug-2026","Rights 10:13 @ Premium Rs 0/-","1","27-Sep-2026"
"INE641R01017","QUINT","25-Aug-2026","Rights - 7 Ccps And 7 Warrants:40","10","27-Sep-2026"
"INE05CZ01011","RATNAVEER","25-Aug-2026","Rights 7:40 @ Premium Rs 254/-","10","27-Sep-2026"
"INE903A01025","JAYKAY","28-Aug-2026","Rights 3:19 @ Premium Rs 74/-","1","27-Sep-2026"
"INE560A01015","INDIAGLYCO","02-Sep-2026","Demerger","5","27-Sep-2026"
"INE887D01016","TCC","04-Sep-2026","Face Value Split (Sub-Division) - From Rs 10/- Per Share To Rs 2/- Per Share","2","27-Sep-2026"
"INE545A01024","HEGAM","07-Sep-2026","Demerger","2","27-Sep-2026"
"INE105A01035","TVSHLTD","08-Sep-2026","Scheme Of Arrangement - Bonus Ncrps 46:1","5","27-Sep-2026"
"INE940H01014","PGIL","11-Sep-2026","Bonus 1:1","5","27-Sep-2026"
"INE281A01026","CENTEXT","15-Sep-2026","Rights 3:8 @ Premium Rs 14/-","1","27-Sep-2026"
"INE524T01011","TAALTECH","22-Sep-2026","Face Value Split (Sub-Division) - From Rs 10/- Per Share To Rs 2/- Per Share","2","27-Sep-2026"